<?xml version="1.0" encoding="UTF-8"?>
<project-private xmlns="http://www.netbeans.org/ns/project-private/1">
    <editor-bookmarks xmlns="http://www.netbeans.org/ns/editor-bookmarks/2" lastBookmarkId="0"/>
    <open-files xmlns="http://www.netbeans.org/ns/projectui-open-files/2">
        <group>
            <file>file:/C:/Users/984930/Desktop/ASD-INDRA/memento/src/memento/createUser.fxml</file>
            <file>file:/C:/Users/984930/Desktop/ASD-INDRA/memento/src/memento/mementoController.java</file>
            <file>file:/C:/Users/984930/Desktop/ASD-INDRA/memento/src/memento/Memento.java</file>
        </group>
    </open-files>
</project-private>
